"Symbol";"ContractSize";"Digits";"Currency";"Price";"Category";"Sub_Category"
"EURUSD";100000.0;2;"USD";1.18158;"Forex";"Forex"
"GBPUSD";100000.0;2;"USD";1.37644;"Forex";"Forex"
"USDJPY";100000.0;2;"JPY";110.255;"Forex";"Forex"
"USDCHF";100000.0;2;"CHF";0.92103;"Forex";"Forex"
"USDCAD";100000.0;2;"CAD";1.26709;"Forex";"Forex"
"AUDUSD";100000.0;2;"USD";0.73749;"Forex";"Forex"
"EURGBP";100000.0;2;"GBP";0.85841;"Forex";"Forex"
"EURCHF";100000.0;2;"CHF";1.08827;"Forex";"Forex"
"EURJPY";100000.0;2;"JPY";130.274;"Forex";"Forex"
"NZDUSD";100000.0;2;"USD";0.70999;"Forex";"Forex"
"AUDNZD";100000.0;2;"NZD";1.03858;"Forex";"Minor"
"AUDCAD";100000.0;2;"CAD";0.93441;"Forex";"Minor"
"AUDCHF";100000.0;2;"CHF";0.67919;"Forex";"Minor"
"AUDJPY";100000.0;2;"JPY";81.31;"Forex";"Minor"
"CHFJPY";100000.0;2;"JPY";119.696;"Forex";"Minor"
"EURAUD";100000.0;2;"AUD";1.60205;"Forex";"Minor"
"EURNZD";100000.0;2;"NZD";1.66405;"Forex";"Minor"
"EURCAD";100000.0;2;"CAD";1.49711;"Forex";"Minor"
"GBPCHF";100000.0;2;"CHF";1.26763;"Forex";"Minor"
"GBPJPY";100000.0;2;"JPY";151.758;"Forex";"Minor"
"CADCHF";100000.0;2;"CHF";0.72675;"Forex";"Minor"
"CADJPY";100000.0;2;"JPY";87.008;"Forex";"Minor"
"GBPAUD";100000.0;2;"AUD";1.86631;"Forex";"Minor"
"GBPCAD";100000.0;2;"CAD";1.74396;"Forex";"Minor"
"GBPNZD";100000.0;2;"NZD";1.93848;"Forex";"Minor"
"NZDCAD";100000.0;2;"CAD";0.89951;"Forex";"Minor"
"NZDCHF";100000.0;2;"CHF";0.65383;"Forex";"Minor"
"NZDJPY";100000.0;2;"JPY";78.272;"Forex";"Minor"
"EURDKK";100000.0;2;"DKK";7.43524;"Forex";"Exotic"
"EURHUF";100000.0;2;"HUF";349.278;"Forex";"Exotic"
"EURNOK";100000.0;2;"NOK";10.27494;"Forex";"Exotic"
"EURPLN";100000.0;2;"PLN";4.51747;"Forex";"Exotic"
"EURSEK";100000.0;2;"SEK";10.17602;"Forex";"Exotic"
"EURTRY";100000.0;2;"TRY";9.98481;"Forex";"Exotic"
"USDBRL";100000.0;5;"BRL";5.16906;"Forex";"Exotic"
"USDDKK";100000.0;2;"DKK";6.29245;"Forex";"Exotic"
"USDHKD";100000.0;2;"HKD";7.77483;"Forex";"Exotic"
"USDHUF";100000.0;2;"HUF";295.508;"Forex";"Exotic"
"USDKWD";100000.0;2;"KWD";0.3003;"Forex";"Exotic"
"USDMXN";100000.0;2;"MXN";19.91511;"Forex";"Exotic"
"USDNOK";100000.0;2;"NOK";8.69701;"Forex";"Exotic"
"USDPLN";100000.0;2;"PLN";3.82329;"Forex";"Exotic"
"USDRUB";100000.0;2;"RUB";73.3554;"Forex";"Exotic"
"USDSEK";100000.0;2;"SEK";8.61127;"Forex";"Exotic"
"USDSGD";100000.0;2;"SGD";1.34545;"Forex";"Exotic"
"USDTRY";100000.0;2;"TRY";8.44617;"Forex";"Exotic"
"USDZAR";100000.0;2;"ZAR";14.31035;"Forex";"Exotic"
"3M";100.0;2;"USD";185.12;"Shares";"USD"
"ABB";100.0;2;"SEK";316.36;"Shares";"SEK"
"ADOBE";100.0;2;"USD";661.06;"Shares";"USD"
"ADS";100.0;2;"EUR";300.834;"Shares";"EUR"
"AIG";100.0;2;"USD";54.67;"Shares";"USD"
"AIRBUS";100.0;2;"EUR";114.414;"Shares";"EUR"
"AIRLIQUID";100.0;2;"EUR";150.743;"Shares";"EUR"
"ALCOA";100.0;2;"USD";46.58;"Shares";"USD"
"ALLI";100.0;2;"EUR";196.761;"Shares";"EUR"
"ALSTOM";100.0;2;"EUR";33.114;"Shares";"EUR"
"AMAZON";100.0;2;"USD";3495.63;"Shares";"USD"
"AMEX";100.0;2;"USD";159.16;"Shares";"USD"
"APPLE";100.0;2;"USD";156.25;"Shares";"USD"
"ARCELOR";100.0;2;"USD";33.78;"Shares";"USD"
"ATT";100.0;2;"USD";27.3;"Shares";"USD"
"AURORA";100.0;2;"CAD";9.01;"Shares";"CAD"
"AXA";100.0;2;"EUR";23.414;"Shares";"EUR"
"Ahold";100.0;2;"EUR";28.25;"Shares";"EUR"
"Alibaba";100.0;2;"USD";174.17;"Shares";"USD"
"B.PETROL";100.0;2;"GBX";299.5;"Shares";"GBX"
"BAIDU";100.0;2;"USD";165.79;"Shares";"USD"
"BARCLAYS";100.0;2;"GBX";183.11;"Shares";"GBX"
"BAS";100.0;2;"EUR";65.187;"Shares";"EUR"
"BAYER";100.0;2;"EUR";46.84;"Shares";"EUR"
"BBVA";100.0;2;"EUR";5.558;"Shares";"EUR"
"BERKSHIRE";100.0;2;"USD";278.86;"Shares";"USD"
"BMW";100.0;2;"EUR";79.417;"Shares";"EUR"
"BNP";100.0;2;"EUR";53.961;"Shares";"EUR"
"BOA";100.0;2;"USD";41.18;"Shares";"USD"
"BOEING";100.0;2;"USD";213.22;"Shares";"USD"
"BOUYGUES";100.0;2;"EUR";36.217;"Shares";"EUR"
"BSANMD";100.0;2;"EUR";3.081;"Shares";"EUR"
"CARREFOUR";100.0;2;"EUR";15.652;"Shares";"EUR"
"CAT";100.0;2;"USD";207.47;"Shares";"USD"
"CHEVRON";100.0;2;"USD";96.68;"Shares";"USD"
"CISCO";100.0;2;"USD";58.67;"Shares";"USD"
"CITI";100.0;2;"USD";70.81;"Shares";"USD"
"COKE";100.0;2;"USD";55.64;"Shares";"USD"
"COMMBK";100.0;2;"EUR";5.676;"Shares";"EUR"
"CREDIT";100.0;2;"EUR";12.201;"Shares";"EUR"
"CRONOS";100.0;2;"USD";6.35;"Shares";"USD"
"DAIM";100.0;2;"EUR";69.327;"Shares";"EUR"
"DBFRA";100.0;2;"EUR";10.864;"Shares";"EUR"
"DISNEY";100.0;2;"USD";183.67;"Shares";"USD"
"DPW";100.0;2;"EUR";58.727;"Shares";"EUR"
"DTELE";100.0;2;"EUR";17.988;"Shares";"EUR"
"Dropbox";100.0;2;"USD";31.52;"Shares";"USD"
"EBAY";100.0;2;"USD";74.5;"Shares";"USD"
"EDFELECT";100.0;2;"EUR";10.8;"Shares";"EUR"
"ENI";100.0;2;"EUR";10.62;"Shares";"EUR"
"ERIC";100.0;2;"SEK";102.66;"Shares";"SEK"
"EXXM";100.0;2;"USD";54.41;"Shares";"USD"
"FACEBOOK";100.0;2;"USD";380.9;"Shares";"USD"
"FERRARI";100.0;2;"USD";220.4;"Shares";"USD"
"FIAT";100.0;2;"EUR";12.66;"Indecies";"EUR"
"FIREEYE";100.0;2;"USD";18.12;"Shares";"USD"
"FRTELE";100.0;2;"EUR";9.512;"Shares";"EUR"
"GAZPROM";100.0;2;"RUB";325.65;"Shares";"RUB"
"GE";100.0;2;"USD";103.42;"Shares";"USD"
"GM";100.0;2;"USD";48.47;"Shares";"USD"
"GOLDSACHS";100.0;2;"USD";410.18;"Shares";"USD"
"GOOGLE";100.0;2;"USD";2901.63;"Shares";"USD"
"GOPRO";100.0;2;"USD";9.82;"Shares";"USD"
"GROUPEDAN";100.0;2;"EUR";59.546;"Shares";"EUR"
"GW.Pharma";100.0;2;"USD";219.0;"Shares";"USD"
"HARLEY";100.0;2;"USD";38.29;"Shares";"USD"
"HASBRO";100.0;2;"USD";100.16;"Shares";"USD"
"HEN";100.0;2;"EUR";81.086;"Shares";"EUR"
"HM";100.0;2;"SEK";175.62;"Shares";"SEK"
"HPACK";100.0;2;"USD";28.64;"Shares";"USD"
"HSBC";100.0;2;"GBX";380.7;"Shares";"GBX"
"IBER";100.0;2;"EUR";10.306;"Shares";"EUR"
"IBM";100.0;2;"USD";137.51;"Shares";"USD"
"INGA";100.0;2;"EUR";11.788;"Shares";"EUR"
"INTEL";100.0;2;"USD";53.4;"Shares";"USD"
"INTEX";100.0;2;"EUR";29.87;"Shares";"EUR"
"JNJ";100.0;2;"USD";171.69;"Shares";"USD"
"JPM";100.0;2;"USD";158.62;"Shares";"USD"
"KAZ-LON";100.0;2;"GBX";849.001;"Shares";"GBX"
"LEGRAND";100.0;2;"EUR";97.516;"Shares";"EUR"
"LINE";100.0;2;"USD";51.68;"Shares";"USD"
"LOCKHEED";100.0;2;"USD";348.68;"Shares";"USD"
"LOREAL";100.0;2;"EUR";394.05;"Shares";"EUR"
"LVMH";100.0;2;"EUR";651.967;"Shares";"EUR"
"LibertyGlob";100.0;2;"USD";29.44;"Shares";"USD"
"Lufthansa";100.0;2;"EUR";8.38;"Shares";"EUR"
"MA";100.0;2;"USD";343.45;"Shares";"USD"
"MACYS";100.0;2;"USD";21.92;"Shares";"USD"
"MANU";100.0;2;"USD";17.16;"Shares";"USD"
"MARKS";100.0;2;"GBX";186.56;"Shares";"GBX"
"MCDON";100.0;2;"USD";236.18;"Shares";"USD"
"METRO";100.0;2;"EUR";3.972;"Shares";"EUR"
"MICHELIN";100.0;2;"EUR";137.649;"Shares";"EUR"
"MORGAN_STA";100.0;2;"USD";104.16;"Shares";"USD"
"MRK";100.0;2;"EUR";200.8;"Shares";"EUR"
"MSFT";100.0;2;"USD";299.09;"Shares";"USD"
"MUV";100.0;2;"EUR";241.75;"Shares";"EUR"
"NDA";100.0;2;"SEK";105.5;"Shares";"SEK"
"NIKE";100.0;2;"USD";162.02;"Shares";"USD"
"NOKIA";100.0;2;"USD";5.97;"Shares";"USD"
"NTDOY";100.0;2;"USD";62.96;"Shares";"USD"
"NUTRIEN";100.0;2;"USD";62.14;"Shares";"USD"
"NVIDIA";100.0;2;"USD";223.58;"Shares";"USD"
"Netflix";100.0;2;"USD";605.01;"Shares";"USD"
"PFIZER";100.0;2;"USD";46.59;"Shares";"USD"
"PG";100.0;2;"USD";143.5;"Shares";"USD"
"QUALCOMM";100.0;2;"USD";143.73;"Shares";"USD"
"RAYTHEON";100.0;2;"USD";82.99;"Shares";"USD"
"RENAULT";100.0;2;"EUR";29.928;"Shares";"EUR"
"REPSOL";100.0;2;"EUR";9.52;"Shares";"EUR"
"SAFRAN";100.0;2;"EUR";102.959;"Shares";"EUR"
"SAINTGOBAIN";100.0;2;"EUR";60.747;"Shares";"EUR"
"SANOFI";100.0;2;"EUR";85.54;"Shares";"EUR"
"SAP";100.0;2;"EUR";125.007;"Shares";"EUR"
"SCHNEIDER";100.0;2;"EUR";151.593;"Shares";"EUR"
"SEB";100.0;2;"SEK";119.96;"Shares";"SEK"
"SIE";100.0;2;"EUR";142.58;"Shares";"EUR"
"SNAP";100.0;2;"USD";76.27;"Shares";"USD"
"SOCIETE";100.0;2;"EUR";26.594;"Shares";"EUR"
"SOLVAY";100.0;2;"EUR";110.842;"Shares";"EUR"
"SONY";100.0;2;"USD";108.32;"Shares";"USD"
"STMICROELEC";100.0;2;"EUR";38.134;"Shares";"EUR"
"SWED";100.0;2;"SEK";168.49;"Shares";"SEK"
"Spotify";100.0;2;"USD";254.66;"Shares";"USD"
"TECHNIP";100.0;2;"EUR";5.5969999999999995;"Shares";"EUR"
"TELFON";100.0;2;"EUR";4.202;"Shares";"EUR"
"TELITA";100.0;2;"EUR";0.3738;"Shares";"EUR"
"TESCO";100.0;2;"GBX";257.66;"Shares";"GBX"
"TESLA";100.0;2;"USD";747.89;"Shares";"USD"
"TEVA";100.0;2;"USD";9.45;"Shares";"USD"
"TILRAY";100.0;2;"USD";13.17;"Shares";"USD"
"TOTAL";100.0;2;"EUR";37.474;"Shares";"EUR"
"TOYOTA";100.0;2;"USD";181.09;"Shares";"USD"
"TWITTER";100.0;2;"USD";64.96;"Shares";"USD"
"UBS";100.0;2;"USD";16.72;"Shares";"USD"
"UCG";100.0;2;"EUR";10.87;"Shares";"EUR"
"UNIBAIL";100.0;2;"EUR";69.432;"Shares";"EUR"
"UnileverNL";100.0;2;"EUR";46.52;"Shares";"EUR"
"VALLOUREC";100.0;2;"EUR";7.166;"Shares";"EUR"
"VEOLIA";100.0;2;"EUR";29.366;"Shares";"EUR"
"VERIZON";100.0;2;"USD";54.6;"Shares";"USD"
"VINCI";100.0;2;"EUR";91.356;"Shares";"EUR"
"VIVF";100.0;2;"EUR";32.583;"Shares";"EUR"
"VODAFONE";100.0;2;"GBX";121.81;"Shares";"GBX"
"VOWGEN";100.0;2;"EUR";280.74;"Shares";"EUR"
"Visa";100.0;2;"USD";226.27;"Shares";"USD"
"WEED";100.0;2;"CAD";21.29;"Shares";"CAD"
"WMART";100.0;2;"USD";147.27;"Shares";"USD"
"Yandex";100.0;2;"USD";77.6;"Shares";"USD"
"BCHUSD";1.0;2;"USD";656.71;"Cryptos";"Cryptos"
"BTCUSD";1.0;2;"USD";46430.5;"Cryptos";"Cryptos"
"ETHUSD";1.0;2;"USD";3373.1;"Cryptos";"Cryptos"
"LTCUSD";1.0;2;"USD";178.94;"Cryptos";"Cryptos"
"XLMUSD";100.0;2;"USD";0.32053;"Cryptos";"Cryptos"
"XMRUSD";100.0;2;"USD";255.91;"Cryptos";"Cryptos"
"XRPUSD";100.0;4;"USD";1.0566;"Cryptos";"Cryptos"
"HKDUSD";100000.0;2;"USD";0.12867;"Indecies";"USD"
"INRUSD";100000.0;2;"USD";0.01342;"Indecies";"USD"
"JPYUSD";100000.0;0;"USD";0.00946;"Indecies";"USD"
"RUBUSD";100000.0;2;"USD";0.0131;"Indecies";"USD"
"TRYUSD";100000.0;2;"USD";0.12765;"Indecies";"USD"
"USDAUD";100000.0;2;"AUD";1.35433;"Indecies";"AUD"
"USDEUR";100000.0;2;"EUR";0.83571;"Indecies";"EUR"
"USDGBP";100000.0;2;"GBP";0.75078;"Indecies";"GBP"
"ZARUSD";100000.0;2;"USD";0.06251;"Indecies";"USD"
"EURUSD#";100000.0;2;"USD";1.18154;"Forex";"Fixed"
"GBPUSD#";100000.0;2;"USD";1.37642;"Forex";"Fixed"
"USDJPY#";100000.0;2;"JPY";110.245;"Forex";"Fixed"
"EURCHF#";100000.0;2;"CHF";1.08814;"Forex";"Fixed"
"EURGBP#";100000.0;2;"GBP";0.85829;"Forex";"Fixed"
"EURJPY#";100000.0;2;"JPY";130.259;"Forex";"Fixed"
"AUDUSD#";100000.0;2;"USD";0.73736;"Forex";"Fixed"
"NZDUSD#";100000.0;2;"USD";0.70989;"Forex";"Fixed"
"USDCAD#";100000.0;2;"CAD";1.26697;"Forex";"Fixed"
"USDCHF#";100000.0;2;"CHF";0.92091;"Forex";"Fixed"
"AUDCAD#";100000.0;2;"CAD";0.93428;"Forex";"Fixed"
"AUDCHF#";100000.0;2;"CHF";0.67904;"Forex";"Fixed"
"AUDJPY#";100000.0;2;"JPY";81.285;"Forex";"Fixed"
"AUDNZD#";100000.0;2;"NZD";1.03835;"Forex";"Fixed"
"CADCHF#";100000.0;2;"CHF";0.7266;"Forex";"Fixed"
"CADJPY#";100000.0;2;"JPY";86.989;"Forex";"Fixed"
"CHFJPY#";100000.0;2;"JPY";119.677;"Forex";"Fixed"
"EURAUD#";100000.0;2;"AUD";1.60179;"Forex";"Fixed"
"EURCAD#";100000.0;2;"CAD";1.49691;"Forex";"Fixed"
"EURNZD#";100000.0;2;"NZD";1.6634;"Forex";"Fixed"
"GBPAUD#";100000.0;2;"AUD";1.86597;"Forex";"Fixed"
"GBPCAD#";100000.0;2;"CAD";1.74371;"Forex";"Fixed"
"GBPCHF#";100000.0;2;"CHF";1.2675100000000001;"Forex";"Fixed"
"GBPJPY#";100000.0;2;"JPY";151.743;"Forex";"Fixed"
"GBPNZD#";100000.0;2;"NZD";1.93785;"Forex";"Fixed"
"NZDCAD#";100000.0;2;"CAD";0.89941;"Forex";"Fixed"
"NZDCHF#";100000.0;2;"CHF";0.65357;"Forex";"Fixed"
"NZDJPY#";100000.0;2;"JPY";78.257;"Forex";"Fixed"
"XAGUSD#";5000.0;2;"USD";24.284;"Forex";"Fixed"
"XAUUSD#";100.0;2;"USD";1797.5;"Forex";"Fixed"
"OMXS30";100.0;2;"SEK";2356.13;"Indecies";"Indecies"
"TADAWUL";10.0;2;"SAR";11426.75;"Arabian";"SAR"
"XAUUSD";100.0;2;"USD";1797.66;"Metals";"Metals"
"XAGUSD";5000.0;2;"USD";24.304;"Metals";"Metals"
"OMXS30#";100.0;2;"SEK";2354.13;"Forex";"Fixed"
"EURDKK#";100000.0;2;"DKK";7.43153;"Forex";"Fixed"
"EURHUF#";100000.0;2;"HUF";349.229;"Forex";"Fixed"
"EURNOK#";100000.0;2;"NOK";10.27661;"Forex";"Fixed"
"EURPLN#";100000.0;2;"PLN";4.51668;"Forex";"Fixed"
"EURSEK#";100000.0;2;"SEK";10.17588;"Forex";"Fixed"
"EURTRY#";100000.0;2;"TRY";9.98157;"Forex";"Fixed"
"USDDKK#";100000.0;2;"DKK";6.29197;"Forex";"Fixed"
"USDHKD#";100000.0;2;"HKD";7.77333;"Forex";"Fixed"
"USDHUF#";100000.0;2;"HUF";295.308;"Forex";"Fixed"
"USDMXN#";100000.0;2;"MXN";19.91359;"Forex";"Fixed"
"USDNOK#";100000.0;2;"NOK";8.69651;"Forex";"Fixed"
"USDPLN#";100000.0;2;"PLN";3.82208;"Forex";"Fixed"
"USDRUB#";100000.0;2;"RUB";73.1679;"Forex";"Fixed"
"USDSEK#";100000.0;2;"SEK";8.61075;"Forex";"Fixed"
"USDSGD#";100000.0;2;"SGD";1.34452;"Forex";"Fixed"
"USDTRY#";100000.0;2;"TRY";8.44167;"Forex";"Fixed"
"USDZAR#";100000.0;2;"ZAR";14.3116;"Forex";"Fixed"
"ASX24";100.0;2;"AUD";7498.3;"Spot";"Spot"
"CAC40";10.0;2;"EUR";6699.37;"Spot";"Spot"
"DAX30";10.0;2;"EUR";15737.82;"Spot";"Spot"
"DOW30";10.0;2;"USD";35097.32;"Spot";"Spot"
"IBEX35";10.0;2;"EUR";8861.28;"Spot";"Spot"
"NASDAQ100";100.0;2;"USD";15674.35;"Spot";"Spot"
"NIKKEI";10.0;0;"JPY";30189.12;"Spot";"Spot"
"SMI";10.0;2;"CHF";12239.42;"Spot";"Spot"
"SPX500";100.0;2;"USD";4519.75;"Spot";"Spot"
"STOXX50";10.0;2;"EUR";4201.38;"Spot";"Spot"
"AEX25";10.0;2;"EUR";789.66;"Spot";"Spot"
"USDKWD#";100000.0;2;"KWD";0.3012;"Forex";"Fixed"
"KWDUSD";100000.0;2;"USD";3.25626;"Indecies";"USD"
"KWDUSD#";100000.0;2;"USD";3.25626;"Indecies";"USD"
"Juventus";100.0;2;"EUR";0.744;"Shares";"EUR"
"USOIL";1000.0;2;"USD";69.2;"Spot";"Spot"
"SAMSUNG";100.0;2;"GBX";1627.34;"Shares";"GBX"
"Aramco";100.0;2;"SAR";35.05;"Arabian";"SAR"
"SABIC";100.0;2;"SAR";123.26;"Arabian";"SAR"
"NCB";100.0;2;"SAR";61.52;"Arabian";"SAR"
"STC";100.0;2;"SAR";134.24;"Arabian";"SAR"
"RIBL";100.0;2;"SAR";27.1;"Arabian";"SAR"
"SAMBA";100.0;2;"SAR";37.84;"Indecies";"SAR"
"MAADEN";100.0;2;"SAR";78.03;"Arabian";"SAR"
"SEC";100.0;2;"SAR";27.42;"Arabian";"SAR"
"BSFR";100.0;2;"SAR";40.54;"Arabian";"SAR"
"Al.Rajhi";100.0;2;"SAR";123.65;"Arabian";"SAR"
"Alinma";100.0;2;"SAR";23.92;"Arabian";"SAR"
"Bupa.Arabia";100.0;2;"SAR";163.24;"Arabian";"SAR"
"Boubyan";100.0;1;"KWF";772.0;"Arabian";"KWF"
"EmiratesNBD";100.0;2;"AED";13.85;"Arabian";"AED"
"BRNT-APR20";1000.0;2;"USD";58.45;"Indecies";"USD"
"BRNT#-APR20";1000.0;2;"USD";60.66;"Indecies";"USD"
"CL-APR20";1000.0;2;"USD";19.86;"Indecies";"USD"
"CL#-APR20";1000.0;2;"USD";20.08;"Indecies";"USD"
"NGAS-APR20";10000.0;2;"USD";1.573;"Indecies";"USD"
"BRNT-MAY20";1000.0;2;"USD";25.08;"Indecies";"USD"
"SUG11-MAY20";1000.0;2;"USD";9.66;"Indecies";"USD"
"RBOB-APR20";42000.0;2;"USD";0.5833;"Indecies";"USD"
"PLAT-APR20";100.0;2;"USD";774.59;"Indecies";"USD"
"BRNT#-MAY20";1000.0;2;"USD";25.07;"Indecies";"USD"
"BeyondMeat";100.0;2;"USD";113.19;"Shares";"USD"
"NK-JUN20";10.0;2;"USD";23168.07;"Indecies";"USD"
"COTT2-MAY20";100.0;2;"USD";54.27;"Indecies";"USD"
"CORN-MAY20";100.0;2;"USD";318.0;"Indecies";"USD"
"SBEAN-MAY20";100.0;2;"USD";848.25;"Indecies";"USD"
"WHEATMAY20";100.0;2;"USD";528.78;"Indecies";"USD"
"NK#-JUN20";10.0;2;"USD";23176.28;"Indecies";"USD"
"$IND-JUN20";100.0;2;"USD";97.004;"Indecies";"USD"
"ASX-JUN20";100.0;2;"AUD";5831.5;"Indecies";"AUD"
"CAC-APR20";10.0;2;"EUR";4527.5;"Indecies";"EUR"
"CL-MAY20";1000.0;2;"USD";18.11;"Indecies";"USD"
"COCOA-MAY20";100.0;2;"USD";2390.07;"Indecies";"USD"
"COFFE-MAY20";100.0;2;"USD";104.64;"Indecies";"USD"
"DJEXX-JUN20";10.0;2;"EUR";3159.5;"Indecies";"EUR"
"IBEX-APR20";100.0;2;"EUR";7055.5;"Indecies";"EUR"
"JSE-JUN20";100.0;2;"ZAR";48891.25;"Indecies";"ZAR"
"MIB-JUN20";100.0;2;"EUR";18920.0;"Indecies";"EUR"
"NSDQ-JUN20";100.0;2;"USD";9638.62;"Indecies";"USD"
"SP-JUN20";100.0;2;"USD";3033.88;"Indecies";"USD"
"$IND#-JUN20";100.0;2;"USD";97.09;"Indecies";"USD"
"ASX#-JUN20";100.0;2;"AUD";5835.0;"Indecies";"AUD"
"CAC#-APR20";10.0;2;"EUR";4532.75;"Indecies";"EUR"
"CL#-MAY20";1000.0;2;"USD";18.14;"Indecies";"USD"
"DAX#-JUN20";10.0;2;"EUR";12017.32;"Indecies";"EUR"
"DJEX#-JUN20";10.0;2;"EUR";3159.0;"Indecies";"EUR"
"DOW#-JUN20";10.0;2;"USD";25537.92;"Indecies";"USD"
"FTSE#-JUN20";10.0;2;"GBP";6127.25;"Indecies";"GBP"
"IBEX#-APR20";100.0;2;"EUR";7060.25;"Indecies";"EUR"
"JSE#-JUN20";100.0;2;"ZAR";48941.75;"Indecies";"ZAR"
"MIB#-JUN20";100.0;2;"EUR";18965.0;"Indecies";"EUR"
"NSDQ#-JUN20";100.0;2;"USD";9644.37;"Indecies";"USD"
"SP#-JUN20";100.0;2;"USD";3034.38;"Indecies";"USD"
"COPP-APR20";10000.0;2;"USD";2.3605;"Indecies";"USD"
"NGAS-MAY20";10000.0;2;"USD";1.708;"Indecies";"USD"
"NIFTY-APR20";1000.0;2;"INR";9150.49;"Indecies";"INR"
"PALLADJUN20";100.0;2;"USD";1880.99;"Indecies";"USD"
"FTSE-JUN20";10.0;2;"GBP";6123.0;"Indecies";"GBP"
"DOW-JUN20";10.0;2;"USD";25530.92;"Indecies";"USD"
"DAX-JUN20";10.0;2;"EUR";12010.93;"Indecies";"EUR"
"PALLD#JUN20";100.0;2;"USD";1867.34;"Indecies";"USD"
"NIFTY#APR20";1000.0;2;"INR";9127.84;"Indecies";"INR"
"BRNT-JUN20";1000.0;2;"USD";21.94;"Indecies";"USD"
"RBOB-MAY20";42000.0;2;"USD";0.6583;"Indecies";"USD"
"BRNT#-JUN20";1000.0;2;"USD";21.97;"Indecies";"USD"
"UBER";100.0;2;"USD";40.79;"Shares";"USD"
"GENMARK";100.0;2;"USD";23.95;"Shares";"USD"
"INOVIO";100.0;2;"USD";8.49;"Shares";"USD"
"DYNATRON";100.0;2;"USD";1.31;"Shares";"USD"
"VAXART";100.0;2;"USD";7.9399999999999995;"Shares";"USD"
"NANOVIR";100.0;2;"USD";3.94;"Shares";"USD"
"ARCTURUS";100.0;2;"USD";56.5;"Shares";"USD"
"ARCUS";100.0;2;"USD";33.54;"Shares";"USD"
"OPKO";100.0;2;"USD";3.58;"Shares";"USD"
"CLOROX";100.0;2;"USD";168.04;"Shares";"USD"
"ZOOM";100.0;2;"USD";298.72;"Shares";"USD"
"SLACK";100.0;2;"USD";45.25;"Indecies";"USD"
"COST";100.0;2;"USD";459.5;"Shares";"USD"
"CAC-MAY20";10.0;2;"EUR";4541.0;"Indecies";"EUR"
"IBEX-MAY20";100.0;2;"EUR";6752.0;"Indecies";"EUR"
"CAC#-MAY20";10.0;2;"EUR";4541.75;"Indecies";"EUR"
"IBEX#-MAY20";100.0;2;"EUR";6755.75;"Indecies";"EUR"
"CL-JUN20";1000.0;2;"USD";29.69;"Indecies";"USD"
"CL#-JUN20";1000.0;2;"USD";29.71;"Indecies";"USD"
"NIFTY-MAY20";1000.0;2;"INR";9040.5;"Indecies";"INR"
"NGAS-JUN20";10000.0;2;"USD";1.7389999999999999;"Indecies";"USD"
"NIFTY#MAY20";1000.0;2;"INR";9017.18;"Indecies";"INR"
"BRNT-JUL20";1000.0;2;"USD";35.25;"Indecies";"USD"
"BRNT#-JUL20";1000.0;2;"USD";35.28;"Indecies";"USD"
"RBOB-JUN20";42000.0;2;"USD";1.0299;"Indecies";"USD"
"SUG11-JUL20";1000.0;2;"USD";11.5;"Indecies";"USD"
"PLAT-MAY20";100.0;2;"USD";878.75;"Indecies";"USD"
"COPP-MAY20";10000.0;2;"USD";2.4025;"Indecies";"USD"
"COTT2-JUL20";100.0;2;"USD";62.58;"Indecies";"USD"
"NGAS#-JUN20";10000.0;2;"USD";1.74;"Indecies";"USD"
"CAC#-JUN20";10.0;2;"EUR";4854.5;"Indecies";"EUR"
"IBEX-JUN20";100.0;2;"EUR";7208.5;"Indecies";"EUR"
"IBEX#-JUN20";100.0;2;"EUR";7209.25;"Indecies";"EUR"
"COCOA-JUL20";100.0;2;"USD";2240.5;"Indecies";"USD"
"CORN-JUL20";100.0;2;"USD";340.02;"Indecies";"USD"
"SBEAN-JUL20";100.0;2;"USD";889.87;"Indecies";"USD"
"WHEATJUL20";100.0;2;"USD";535.83;"Indecies";"USD"
"CL#-JUL20";1000.0;2;"USD";39.41;"Indecies";"USD"
"CL-JUL20";1000.0;2;"USD";39.29;"Indecies";"USD"
"COFFE-JUL20";100.0;2;"USD";99.3;"Indecies";"USD"
"CL-AUG20";1000.0;2;"USD";40.54;"Indecies";"USD"
"BRNT-AUG20";1000.0;2;"USD";40.55;"Indecies";"USD"
"CL#-AUG20";1000.0;2;"USD";40.57;"Indecies";"USD"
"BRNT#-AUG20";1000.0;2;"USD";40.67;"Indecies";"USD"
"CL-SEP20";1000.0;2;"USD";42.16;"Indecies";"USD"
"BRNT-SEP20";1000.0;2;"USD";43.27;"Indecies";"USD"
"CL#-SEP20";1000.0;2;"USD";42.19;"Indecies";"USD"
"BRNT#-SEP20";1000.0;2;"USD";43.3;"Indecies";"USD"
"CL-OCT20";1000.0;2;"USD";40.9;"Indecies";"USD"
"BRNT-OCT20";1000.0;2;"USD";44.22;"Indecies";"USD"
"CL#-OCT20";1000.0;2;"USD";40.93;"Indecies";"USD"
"BRNT#-OCT20";1000.0;2;"USD";44.25;"Indecies";"USD"
"CL-NOV20";1000.0;2;"USD";40.76;"Indecies";"USD"
"BRNT-NOV20";1000.0;2;"USD";41.76;"Indecies";"USD"
"CL#-NOV20";1000.0;2;"USD";40.75;"Indecies";"USD"
"BRNT#-NOV20";1000.0;2;"USD";41.78;"Indecies";"USD"
"CAC-JUN20";10.0;2;"EUR";4839.0;"Indecies";"EUR"
"HALLIBURTON";100.0;2;"USD";19.84;"Shares";"USD"
"SCHLUMBERGER";100.0;2;"USD";27.83;"Shares";"USD"
"EOAN";100.0;2;"EUR";11.048;"Shares";"EUR"
"NIFTY-JUN20";1000.0;2;"INR";10244.49;"Indecies";"INR"
"NGAS-JUL20";10000.0;2;"USD";1.659;"Indecies";"USD"
"RBOB-JUL20";42000.0;2;"USD";1.1303;"Indecies";"USD"
"PLAT-JUN20";100.0;2;"USD";818.99;"Indecies";"USD"
"COPP-JUN20";10000.0;2;"USD";2.607;"Indecies";"USD"
"NIFTY#JUN20";1000.0;2;"INR";10220.99;"Indecies";"INR"
"NK-SEP20";10.0;2;"USD";23163.04;"Indecies";"USD"
"NK#-SEP20";10.0;2;"USD";23173.08;"Indecies";"USD"
"GILD";100.0;2;"USD";71.16;"Shares";"USD"
"SQUARE";100.0;2;"USD";265.62;"Shares";"USD"
"STARBUCKS";100.0;2;"USD";115.38;"Shares";"USD"
"SHOPIFY";100.0;2;"USD";1536.08;"Shares";"USD"
"CARNIVAL";100.0;2;"USD";23.44;"Shares";"USD"
"A.AIRLINES";100.0;2;"USD";19.45;"Shares";"USD"
"NGAS#-JUL20";10000.0;2;"USD";1.665;"Indecies";"USD"
"NSDQ-SEP20";100.0;2;"USD";11062.0;"Indecies";"USD"
"DOW-SEP20";10.0;2;"USD";27614.0;"Indecies";"USD"
"SP-SEP20";100.0;2;"USD";3333.12;"Indecies";"USD"
"CAC-JUL20";10.0;2;"EUR";4986.75;"Indecies";"EUR"
"DAX-SEP20";10.0;2;"EUR";13180.25;"Indecies";"EUR"
"FTSE-SEP20";10.0;2;"GBP";6016.5;"Indecies";"GBP"
"MIB-SEP20";100.0;2;"EUR";19792.5;"Indecies";"EUR"
"IBEX-JUL20";100.0;2;"EUR";7343.25;"Indecies";"EUR"
"DJEXX-SEP20";10.0;2;"EUR";3306.25;"Indecies";"EUR"
"ASX-SEP20";100.0;2;"AUD";5846.0;"Indecies";"AUD"
"JSE-SEP20";100.0;2;"ZAR";51616.75;"Indecies";"ZAR"
"$IND-SEP20";100.0;2;"USD";93.144;"Indecies";"USD"
"NSDQ#-SEP20";100.0;2;"USD";11062.25;"Indecies";"USD"
"DOW#-SEP20";10.0;2;"USD";27612.5;"Indecies";"USD"
"SP#-SEP20";100.0;2;"USD";3333.62;"Indecies";"USD"
"CAC#-JUL20";10.0;2;"EUR";4990.38;"Indecies";"EUR"
"FTSE#-SEP20";10.0;2;"GBP";6019.0;"Indecies";"GBP"
"MIB#-SEP20";100.0;2;"EUR";19782.5;"Indecies";"EUR"
"IBEX#-JUL20";100.0;2;"EUR";7343.75;"Indecies";"EUR"
"DJEX#-SEP20";10.0;2;"EUR";3306.5;"Indecies";"EUR"
"ASX#-SEP20";100.0;2;"AUD";5849.5;"Indecies";"AUD"
"JSE#-SEP20";100.0;2;"ZAR";51666.75;"Indecies";"ZAR"
"$IND#-SEP20";100.0;2;"USD";93.241;"Indecies";"USD"
"NGAS-AUG20";10000.0;2;"USD";1.791;"Indecies";"USD"
"NGAS-SEP20";10000.0;2;"USD";2.433;"Indecies";"USD"
"NGAS-OCT20";10000.0;2;"USD";2.054;"Indecies";"USD"
"NGAS#-SEP20";10000.0;2;"USD";2.434;"Indecies";"USD"
"NGAS#-OCT20";10000.0;2;"USD";2.055;"Indecies";"USD"
"TRADEDESK";100.0;2;"USD";75.22;"Shares";"USD"
"PALLADSEP20";100.0;2;"USD";2212.2;"Indecies";"USD"
"PALLD#SEP20";100.0;2;"USD";2190.74;"Indecies";"USD"
"PLAT-JUL20";100.0;2;"USD";944.85;"Indecies";"USD"
"COPP-JUL20";10000.0;2;"USD";2.8821;"Indecies";"USD"
"NIFTY-JUL20";1000.0;2;"INR";11170.5;"Indecies";"INR"
"NIFTY#JUL20";1000.0;2;"INR";11145.5;"Indecies";"INR"
"RBOB-AUG20";42000.0;2;"USD";1.2858;"Indecies";"USD"
"SUG11-OCT20";1000.0;2;"USD";12.99;"Indecies";"USD"
"NGAS#-AUG20";10000.0;2;"USD";1.79;"Indecies";"USD"
"DAX#-SEP20";10.0;2;"EUR";13178.75;"Indecies";"EUR"
"COTT2-OCT20";100.0;2;"USD";64.52;"Indecies";"USD"
"Delta";100.0;2;"USD";40.34;"Shares";"USD"
"AirTransp";100.0;2;"USD";26.12;"Shares";"USD"
"Allegiant";100.0;2;"USD";193.96;"Shares";"USD"
"CopaHold";100.0;2;"USD";77.15;"Shares";"USD"
"HawaiianHL";100.0;2;"USD";20.2;"Shares";"USD"
"Ryanair";100.0;2;"USD";107.92;"Shares";"USD"
"SOUTHWEST";100.0;2;"USD";48.51;"Shares";"USD"
"SPIRIT";100.0;2;"USD";25.22;"Shares";"USD"
"SkyWest";100.0;2;"USD";45.89;"Shares";"USD"
"CAC-AUG20";10.0;2;"EUR";4950.47;"Indecies";"EUR"
"IBEX-AUG20";100.0;2;"EUR";7142.5;"Indecies";"EUR"
"COCOA-SEP20";100.0;2;"USD";2578.21;"Indecies";"USD"
"CORN-SEP20";100.0;2;"USD";364.0;"Indecies";"USD"
"SBEAN-AUG20";100.0;2;"USD";869.92;"Indecies";"USD"
"WHEATSEP20";100.0;2;"USD";528.93;"Indecies";"USD"
"CAC#-AUG20";10.0;2;"EUR";4950.75;"Indecies";"EUR"
"IBEX#-AUG20";100.0;2;"EUR";7141.75;"Indecies";"EUR"
"COFFE-SEP20";100.0;2;"USD";131.33;"Indecies";"USD"
"COPP-AUG20";10000.0;2;"USD";2.9205;"Indecies";"USD"
"NIFTY-AUG20";1000.0;2;"INR";11380.4;"Indecies";"INR"
"PLAT-AUG20";100.0;2;"USD";919.4;"Indecies";"USD"
"RBOB-SEP20";42000.0;2;"USD";1.3069;"Indecies";"USD"
"NIFTY#AUG20";1000.0;2;"INR";11356.38;"Indecies";"INR"
"NIO";100.0;2;"USD";40.34;"Shares";"USD"
"MODERNA";100.0;2;"USD";435.71;"Shares";"USD"
"NOVAVAX";100.0;2;"USD";269.97;"Shares";"USD"
"SBEAN-SEP20";100.0;2;"USD";1005.0;"Indecies";"USD"
"CAC-SEP20";10.0;2;"EUR";5022.47;"Indecies";"EUR"
"CAC#-SEP20";10.0;2;"EUR";5022.75;"Indecies";"EUR"
"IBEX-SEP20";100.0;2;"EUR";6894.5;"Indecies";"EUR"
"IBEX#-SEP20";100.0;2;"EUR";6896.75;"Indecies";"EUR"
"AZN";100.0;2;"USD";58.14;"Shares";"USD"
"COPP-SEP20";10000.0;2;"USD";2.9728;"Indecies";"USD"
"PLAT-SEP20";100.0;2;"USD";838.57;"Indecies";"USD"
"NIFTY-SEP20";1000.0;2;"INR";11517.11;"Indecies";"INR"
"NIFTY#SEP20";1000.0;2;"INR";11494.16;"Indecies";"INR"
"RBOB-OCT20";42000.0;2;"USD";1.2115;"Indecies";"USD"
"BRENT";1000.0;2;"USD";72.42;"Spot";"Spot"
"GC-AUG20";100.0;2;"USD";1934.07;"Indecies";"USD"
"GC-SEP20";100.0;2;"USD";1855.25;"Indecies";"USD"
"HOIL-AUG20";100.0;2;"USD";0.0;"Indecies";"USD"
"HOIL-SEP20";100.0;2;"USD";1.2169;"Indecies";"USD"
"HOIL-OCT20";100.0;2;"USD";1.1243;"Indecies";"USD"
"NK-DEC20";10.0;2;"USD";26823.75;"Indecies";"USD"
"AMGEN";100.0;2;"USD";221.38;"Shares";"USD"
"HORTON";100.0;2;"USD";93.78;"Shares";"USD"
"$IND-DEC20";100.0;2;"USD";90.944;"Indecies";"USD"
"ASX-DEC20";100.0;2;"AUD";6629.0;"Indecies";"AUD"
"CAC-OCT20";10.0;2;"EUR";4943.5;"Indecies";"EUR"
"COCOA-DEC20";100.0;2;"USD";2835.0;"Indecies";"USD"
"COFFE-DEC20";100.0;2;"USD";117.94;"Indecies";"USD"
"CORN-DEC20";100.0;2;"USD";424.0;"Indecies";"USD"
"DAX-DEC20";10.0;2;"EUR";13143.0;"Indecies";"EUR"
"DJEXX-DEC20";10.0;2;"EUR";3491.25;"Indecies";"EUR"
"DOW-DEC20";10.0;2;"USD";30052.0;"Indecies";"USD"
"FTSE-DEC20";10.0;2;"GBP";6560.0;"Indecies";"GBP"
"IBEX-OCT20";100.0;2;"EUR";6960.5;"Indecies";"EUR"
"JSE-DEC20";100.0;2;"ZAR";54580.0;"Indecies";"ZAR"
"MIB-DEC20";100.0;2;"EUR";21685.0;"Indecies";"EUR"
"NSDQ-DEC20";100.0;2;"USD";12365.88;"Indecies";"USD"
"SBEAN-NOV20";100.0;2;"USD";1098.07;"Indecies";"USD"
"SP-DEC20";100.0;2;"USD";3661.28;"Indecies";"USD"
"WHEATDEC20";100.0;2;"USD";601.03;"Indecies";"USD"
"$IND#-DEC20";100.0;2;"USD";90.96;"Indecies";"USD"
"ASX#-DEC20";100.0;2;"AUD";6615.5;"Indecies";"AUD"
"CAC#-OCT20";10.0;2;"EUR";4944.38;"Indecies";"EUR"
"DAX#-DEC20";10.0;2;"EUR";13140.5;"Indecies";"EUR"
"DJEX#-DEC20";10.0;2;"EUR";3491.0;"Indecies";"EUR"
"DOW#-DEC20";10.0;2;"USD";30049.5;"Indecies";"USD"
"FTSE#-DEC20";10.0;2;"GBP";6559.07;"Indecies";"GBP"
"IBEX#-OCT20";100.0;2;"EUR";6960.25;"Indecies";"EUR"
"JSE#-DEC20";100.0;2;"ZAR";54583.75;"Indecies";"ZAR"
"MIB#-DEC20";100.0;2;"EUR";21660.0;"Indecies";"EUR"
"NSDQ#-DEC20";100.0;2;"USD";12364.88;"Indecies";"USD"
"SP#-DEC20";100.0;2;"USD";3660.53;"Indecies";"USD"
"NK#-DEC20";10.0;2;"USD";26832.0;"Indecies";"USD"
"NGAS-NOV20";10000.0;2;"USD";2.936;"Indecies";"USD"
"NGAS#-NOV20";10000.0;2;"USD";2.934;"Indecies";"USD"
"NIFTY-OCT20";1000.0;2;"INR";11932.2;"Indecies";"INR"
"NIFTY#OCT20";1000.0;2;"INR";11908.1;"Indecies";"INR"
"RBOB-NOV20";42000.0;2;"USD";1.1388;"Indecies";"USD"
"BRNT-DEC20";1000.0;2;"USD";41.66;"Indecies";"USD"
"SUG11-MAR21";1000.0;2;"USD";17.87;"Indecies";"USD"
"PALLADDEC20";100.0;2;"USD";2321.7;"Indecies";"USD"
"PLAT-OCT20";100.0;2;"USD";901.79;"Indecies";"USD"
"COPP-OCT20";10000.0;2;"USD";3.137;"Indecies";"USD"
"HOIL-NOV20";100.0;2;"USD";1.1474;"Indecies";"USD"
"GC-OCT20";100.0;2;"USD";1900.45;"Indecies";"USD"
"BRNT#-DEC20";1000.0;2;"USD";41.64;"Indecies";"USD"
"PALLD#DEC20";100.0;2;"USD";2307.0;"Indecies";"USD"
"COTT2-DEC20";100.0;2;"USD";66.14;"Indecies";"USD"
"ADAUSD";100.0;4;"USD";2.3218;"Cryptos";"Cryptos"
"CAC-NOV20";10.0;2;"EUR";5405.0;"Indecies";"EUR"
"IBEX-NOV20";100.0;2;"EUR";7818.0;"Indecies";"EUR"
"CAC#-NOV20";10.0;2;"EUR";5404.5;"Indecies";"EUR"
"IBEX#-NOV20";100.0;2;"EUR";7816.75;"Indecies";"EUR"
"CL-DEC20";1000.0;2;"USD";40.11;"Indecies";"USD"
"CL#-DEC20";1000.0;2;"USD";40.1;"Indecies";"USD"
"Qareen-Dubai";5.0;2;"AED";2904.63;"Arabian";"AED"
"Qareen-UAE";5.0;2;"AED";7769.04;"Arabian";"AED"
"Taqaat-Saudi";5.0;2;"SAR";5558.16;"Arabian";"SAR"
"Qareen-Kuwait";5.0;2;"KWF";7415.99;"Arabian";"KWF"
"UAL";30.0;2;"USD";46.53;"Shares";"USD"
"PLL";100.0;2;"USD";54.9;"Shares";"USD"
"NKLA";100.0;2;"USD";10.72;"Shares";"USD"
"ENERGY-SAU";5.0;2;"SAR";5423.2;"Untradable";"Untradable"
"BRNT-JAN21";1000.0;2;"USD";48.12;"Indecies";"USD"
"RBOB-DEC20";42000.0;2;"USD";1.3005;"Indecies";"USD"
"COPP-NOV20";10000.0;2;"USD";3.2895;"Indecies";"USD"
"NGAS-DEC20";10000.0;2;"USD";2.662;"Indecies";"USD"
"NIFTY-NOV20";1000.0;2;"INR";12853.1;"Indecies";"INR"
"PLAT-NOV20";100.0;2;"USD";947.79;"Indecies";"USD"
"HOIL-DEC20";42000.0;2;"USD";1.3724;"Indecies";"USD"
"GC-NOV20";100.0;2;"USD";1869.5;"Indecies";"USD"
"BRNT#-JAN21";1000.0;2;"USD";48.11;"Indecies";"USD"
"NGAS#-DEC20";10000.0;2;"USD";2.66;"Indecies";"USD"
"NIFTY#NOV20";1000.0;2;"INR";12830.55;"Indecies";"INR"
"PLTR";100.0;2;"USD";26.44;"Shares";"USD"
"AAYAN.KW";2.0;1;"KWF";151.0;"Arabian";"KWF"
"AD-COMMERCIAL";2.0;2;"AED";7.63;"Arabian";"AED"
"ALDAR.AD";2.0;2;"AED";3.94;"Arabian";"AED"
"ESHRAQ.AD";2.0;2;"AED";0.28;"Arabian";"AED"
"GULF-PETROLEUM.KW";2.0;1;"KWF";23.35;"Arabian";"KWF"
"INVESTORS.KW";2.0;1;"KWF";14.6;"Arabian";"KWF"
"SBEAN-JAN21";100.0;2;"USD";1375.0;"Indecies";"USD"
"CAC-DEC20";10.0;2;"EUR";5519.5;"Indecies";"EUR"
"IBEX-DEC20";100.0;2;"EUR";8064.95;"Indecies";"EUR"
"CL-JAN21";1000.0;2;"USD";49.06;"Indecies";"USD"
"CAC#-DEC20";10.0;2;"EUR";5519.25;"Indecies";"EUR"
"IBEX#-DEC20";100.0;2;"EUR";8063.25;"Indecies";"EUR"
"CL#-JAN21";1000.0;2;"USD";49.04;"Indecies";"USD"
"NGAS-JAN21";10000.0;2;"USD";2.56;"Indecies";"USD"
"NGAS#-JAN21";10000.0;2;"USD";2.558;"Indecies";"USD"
"PLAT-DEC20";100.0;2;"USD";1024.09;"Indecies";"USD"
"COPP-DEC20";10000.0;2;"USD";3.5645;"Indecies";"USD"
"NIFTY-DEC20";1000.0;2;"INR";13759.89;"Indecies";"INR"
"NIFTY#DEC20";1000.0;2;"INR";13735.89;"Indecies";"INR"
"GC-DEC20";100.0;2;"USD";1879.45;"Indecies";"USD"
"RBOB-JAN21";42000.0;2;"USD";1.3679999999999999;"Indecies";"USD"
"BRNT-FEB21";1000.0;2;"USD";51.3;"Indecies";"USD"
"BRNT#-FEB21";1000.0;2;"USD";51.28;"Indecies";"USD"
"HOIL-JAN21";42000.0;2;"USD";1.4896;"Indecies";"USD"
"COTT2-MAR21";100.0;2;"USD";85.59;"Indecies";"USD"
"NK-MAR21";10.0;2;"USD";29152.5;"Indecies";"USD"
"COCOA-MAR21";100.0;2;"USD";2556.0;"Indecies";"USD"
"NK#-MAR21";10.0;2;"USD";29177.0;"Indecies";"USD"
"QQQ";100.0;2;"USD";381.87;"ETF";"ETF"
"SPY";100.0;2;"USD";451.26;"ETF";"ETF"
"SQQQ";100.0;2;"USD";7.07;"ETF";"ETF"
"TQQQ";100.0;2;"USD";151.83;"ETF";"ETF"
"RUSS-DEC20";100.0;2;"USD";1913.0;"Indecies";"USD"
"XPENG";30.0;2;"USD";41.63;"Shares";"USD"
"NSDQ-MAR21";100.0;2;"USD";12934.87;"Indecies";"USD"
"DOW-MAR21";10.0;2;"USD";32793.0;"Indecies";"USD"
"SP-MAR21";100.0;2;"USD";3943.5;"Indecies";"USD"
"CAC-JAN21";10.0;2;"EUR";5722.0;"Indecies";"EUR"
"DAX-MAR21";10.0;2;"EUR";14560.99;"Indecies";"EUR"
"MIB-MAR21";100.0;2;"EUR";24010.0;"Indecies";"EUR"
"IBEX-JAN21";100.0;2;"EUR";8365.0;"Indecies";"EUR"
"DJEXX-MAR21";10.0;2;"EUR";3848.25;"Indecies";"EUR"
"ASX-MAR21";100.0;2;"AUD";6765.74;"Indecies";"AUD"
"JSE-MAR21";100.0;2;"ZAR";62070.5;"Indecies";"ZAR"
"$IND-MAR21";100.0;2;"USD";91.595;"Indecies";"USD"
"COFFE-MAR21";100.0;2;"USD";129.89;"Indecies";"USD"
"CORN-MAR21";100.0;2;"USD";561.75;"Indecies";"USD"
"NSDQ#-MAR21";100.0;2;"USD";12934.12;"Indecies";"USD"
"DOW#-MAR21";10.0;2;"USD";32791.5;"Indecies";"USD"
"SP#-MAR21";100.0;2;"USD";3942.75;"Indecies";"USD"
"CAC#-JAN21";10.0;2;"EUR";5721.75;"Indecies";"EUR"
"DAX#-MAR21";10.0;2;"EUR";14559.49;"Indecies";"EUR"
"FTSE#-MAR21";10.0;2;"GBP";6788.5;"Indecies";"GBP"
"MIB#-MAR21";100.0;2;"EUR";24080.0;"Indecies";"EUR"
"IBEX#-JAN21";100.0;2;"EUR";8364.75;"Indecies";"EUR"
"DJEX#-MAR21";10.0;2;"EUR";3848.0;"Indecies";"EUR"
"ASX#-MAR21";100.0;2;"AUD";6763.0;"Indecies";"AUD"
"JSE#-MAR21";100.0;2;"ZAR";62074.25;"Indecies";"ZAR"
"$IND#-MAR21";100.0;2;"USD";91.652;"Indecies";"USD"
"LIAUTO";100.0;2;"USD";30.85;"Shares";"USD"
"WORKHORSE";100.0;2;"USD";8.95;"Shares";"USD"
"SWITCHBACK";100.0;2;"USD";22.57;"Shares";"USD"
"WHEATMAR21";100.0;2;"USD";651.78;"Indecies";"USD"
"PAYPAL";100.0;2;"USD";292.3;"Shares";"USD"
"BORR";10.0;2;"USD";0.7601;"Shares";"USD"
"AIRBNB";100.0;2;"USD";164.2;"Shares";"USD"
"CL-FEB21";1000.0;2;"USD";52.06;"Indecies";"USD"
"CL#-FEB21";1000.0;2;"USD";52.04;"Indecies";"USD"
"FTSE-MAR21";10.0;2;"GBP";6788.75;"Indecies";"GBP"
"RUSS-MAR21";100.0;2;"USD";2351.1;"Indecies";"USD"
"FUELCELL";30.0;2;"USD";5.9399999999999995;"Shares";"USD"
"TRANSOCEAN";30.0;2;"USD";3.75;"Shares";"USD"
"BLINKCHARG";30.0;2;"USD";32.58;"Shares";"USD"
"ELECTRAMV";30.0;2;"USD";3.4699999999999998;"Shares";"USD"
"VONAGE";10.0;2;"USD";14.82;"Shares";"USD"
"WHPETROLEUM";10.0;2;"USD";51.15;"Shares";"USD"
"YALLAGROUP";10.0;2;"USD";10.14;"Shares";"USD"
"YEXT";10.0;2;"USD";12.73;"Shares";"USD"
"NGAS-FEB21";10000.0;2;"USD";2.45;"Indecies";"USD"
"RBOB-FEB21";42000.0;2;"USD";1.5381;"Indecies";"USD"
"BRNT-MAR21";1000.0;2;"USD";55.09;"Indecies";"USD"
"PALLADMAR21";100.0;2;"USD";2663.7;"Indecies";"USD"
"PLAT-JAN21";100.0;2;"USD";1103.91;"Indecies";"USD"
"COPP-JAN21";10000.0;2;"USD";3.625;"Indecies";"USD"
"NIFTY-JAN21";1000.0;2;"INR";14369.75;"Indecies";"INR"
"GC-JAN21";100.0;2;"USD";1854.6;"Indecies";"USD"
"HOIL-FEB21";42000.0;2;"USD";1.5682;"Indecies";"USD"
"NGAS#-FEB21";10000.0;2;"USD";2.448;"Indecies";"USD"
"BRNT#-MAR21";1000.0;2;"USD";55.07;"Indecies";"USD"
"PALLD#MAR21";100.0;2;"USD";2645.75;"Indecies";"USD"
"NIFTY#JAN21";1000.0;2;"INR";14347.8;"Indecies";"INR"
"PLUGPOWER";10.0;2;"USD";26.54;"Shares";"USD"
"QUANTUMSCAPE";10.0;2;"USD";22.17;"Shares";"USD"
"GREENWICHLIFE";10.0;2;"USD";44.66;"Shares";"USD"
"TELPERFORM";100.0;2;"EUR";384.255;"Shares";"EUR"
"CAC-FEB21";10.0;2;"EUR";5715.0;"Indecies";"EUR"
"IBEX-FEB21";100.0;2;"EUR";8060.0;"Indecies";"EUR"
"SBEAN-MAR21";100.0;2;"USD";1433.75;"Indecies";"USD"
"CAC#-FEB21";10.0;2;"EUR";5714.5;"Indecies";"EUR"
"IBEX#-FEB21";100.0;2;"EUR";8061.25;"Indecies";"EUR"
"CL-MAR21";1000.0;2;"USD";58.96;"Indecies";"USD"
"CL#-MAR21";1000.0;2;"USD";58.95;"Indecies";"USD"
"CRISPR";1.0;2;"USD";120.51;"Shares";"USD"
"NANO";100.0;2;"USD";6.1;"Shares";"USD"
"BANGO";1.0;2;"GBX";212.0;"Shares";"GBX"
"NGAS-MAR21";10000.0;2;"USD";3.08;"Indecies";"USD"
"RBOB-MAR21";42000.0;2;"USD";1.7839;"Indecies";"USD"
"BRNT-APR21";1000.0;2;"USD";62.68;"Indecies";"USD"
"PLAT-FEB21";100.0;2;"USD";1278.0;"Indecies";"USD"
"COPP-FEB21";10000.0;2;"USD";4.078;"Indecies";"USD"
"NIFTY-FEB21";1000.0;2;"INR";15005.0;"Indecies";"INR"
"HOIL-MAR21";42000.0;2;"USD";1.8127;"Indecies";"USD"
"GC-FEB21";100.0;2;"USD";1781.45;"Indecies";"USD"
"NGAS#-MAR21";10000.0;2;"USD";3.078;"Indecies";"USD"
"BRNT#-APR21";1000.0;2;"USD";62.66;"Indecies";"USD"
"NIFTY#FEB21";1000.0;2;"INR";14981.3;"Indecies";"INR"
"Stellantis";100.0;2;"EUR";16.79;"Shares";"EUR"
"DSHUSD";1.0;2;"USD";195.88;"Cryptos";"Cryptos"
"NEOUSD";1.0;5;"USD";47.7909;"Cryptos";"Cryptos"
"GEVO";2.0;2;"USD";6.15;"Shares";"USD"
"IDEANOMICS";2.0;2;"USD";2.34;"Shares";"USD"
"LORDSTOWN";10.0;2;"USD";6.39;"Shares";"USD"
"BLOOMENERGY";10.0;2;"USD";21.39;"Shares";"USD"
"BIONANO";5.0;2;"USD";5.74;"Shares";"USD"
"UNIUSD";1.0;4;"USD";22.7909;"Cryptos";"Cryptos"
"CAC-MAR21";10.0;2;"EUR";6065.5;"Indecies";"EUR"
"IBEX-MAR21";100.0;2;"EUR";8649.0;"Indecies";"EUR"
"CAC#-MAR21";10.0;2;"EUR";6066.0;"Indecies";"EUR"
"IBEX#-MAR21";100.0;2;"EUR";8648.25;"Indecies";"EUR"
"GME";2.0;2;"USD";198.65;"Shares";"USD"
"AMC";2.0;2;"USD";47.8;"Shares";"USD"
"CL-APR21";1000.0;2;"USD";61.44;"Indecies";"USD"
"NGAS-APR21";10000.0;2;"USD";2.548;"Indecies";"USD"
"RBOB-APR21";42000.0;2;"USD";1.9665;"Indecies";"USD"
"BRNT-MAY21";1000.0;2;"USD";64.39;"Indecies";"USD"
"SUG11-MAY21";1000.0;2;"USD";16.91;"Indecies";"USD"
"PLAT-MAR21";100.0;2;"USD";1185.49;"Indecies";"USD"
"COPP-MAR21";10000.0;2;"USD";4.083;"Indecies";"USD"
"CL#-APR21";1000.0;2;"USD";61.43;"Indecies";"USD"
"NGAS#-APR21";10000.0;2;"USD";2.5460000000000003;"Indecies";"USD"
"NIFTY#MAR21";1000.0;2;"INR";14727.2;"Indecies";"INR"
"NIFTY-MAR21";1000.0;2;"INR";14749.7;"Indecies";"INR"
"HOIL-APR21";42000.0;2;"USD";1.8073000000000001;"Indecies";"USD"
"GC-MAR21";100.0;2;"USD";1730.95;"Indecies";"USD"
"ETCUSD";1.0;5;"USD";57.17425;"Cryptos";"Cryptos"
"DOGUSD";1.0;7;"USD";0.2357982;"Cryptos";"Cryptos"
"ChCapital";10.0;2;"USD";23.97;"Indecies";"USD"
"VGalactic";10.0;2;"USD";24.44;"Shares";"USD"
"Tanger";5.0;2;"USD";16.86;"Shares";"USD"
"SNOWFLAKE";100.0;2;"USD";312.19;"Shares";"USD"
"NK-JUN21";10.0;2;"USD";29177.5;"Indecies";"USD"
"COTT2-MAY21";100.0;2;"USD";86.6;"Indecies";"USD"
"CORN-MAY21";100.0;2;"USD";771.5;"Indecies";"USD"
"SBEAN-MAY21";100.0;2;"USD";1620.48;"Indecies";"USD"
"WHEATMAY21";100.0;2;"USD";772.3;"Indecies";"USD"
"NK#-JUN21";10.0;2;"USD";29187.0;"Indecies";"USD"
"NSDQ-JUN21";100.0;2;"USD";13993.48;"Indecies";"USD"
"DOW-JUN21";10.0;2;"USD";34446.0;"Indecies";"USD"
"SP-JUN21";100.0;2;"USD";4244.88;"Indecies";"USD"
"CAC-APR21";10.0;2;"EUR";6188.5;"Indecies";"EUR"
"DAX-JUN21";10.0;2;"EUR";15721.22;"Indecies";"EUR"
"FTSE-JUN21";10.0;2;"GBP";7150.33;"Indecies";"GBP"
"MIB-JUN21";100.0;2;"EUR";25727.5;"Indecies";"EUR"
"IBEX-APR21";100.0;2;"EUR";8570.0;"Indecies";"EUR"
"DJEXX-JUN21";10.0;2;"EUR";4140.25;"Indecies";"EUR"
"ASX-JUN21";100.0;2;"AUD";7350.75;"Indecies";"AUD"
"JSE-JUN21";100.0;2;"ZAR";61426.5;"Indecies";"ZAR"
"$IND-JUN21";100.0;2;"USD";90.425;"Indecies";"USD"
"COCOA-MAY21";100.0;2;"USD";2431.44;"Indecies";"USD"
"COFFE-MAY21";100.0;2;"USD";141.33;"Indecies";"USD"
"NSDQ#-JUN21";100.0;2;"USD";13992.86;"Indecies";"USD"
"DOW#-JUN21";10.0;2;"USD";34444.5;"Indecies";"USD"
"SP#-JUN21";100.0;2;"USD";4244.13;"Indecies";"USD"
"CAC#-APR21";10.0;2;"EUR";6188.0;"Indecies";"EUR"
"DAX#-JUN21";10.0;2;"EUR";15719.05;"Indecies";"EUR"
"FTSE#-JUN21";10.0;2;"GBP";7153.75;"Indecies";"GBP"
"MIB#-JUN21";100.0;2;"EUR";25702.5;"Indecies";"EUR"
"IBEX#-APR21";100.0;2;"EUR";8570.75;"Indecies";"EUR"
"DJEX#-JUN21";10.0;2;"EUR";4140.0;"Indecies";"EUR"
"ASX#-JUN21";100.0;2;"AUD";7353.5;"Indecies";"AUD"
"JSE#-JUN21";100.0;2;"ZAR";61437.75;"Indecies";"ZAR"
"$IND#-JUN21";100.0;2;"USD";90.495;"Indecies";"USD"
"RUSS-JUN21";100.0;2;"USD";2332.6;"Indecies";"USD"
"NIFTY-APR21";1000.0;2;"INR";14330.15;"Indecies";"INR"
"CL-MAY21";1000.0;2;"USD";63.08;"Indecies";"USD"
"NGAS-MAY21";10000.0;2;"USD";2.7199999999999998;"Indecies";"USD"
"NIFTY#APR21";1000.0;2;"INR";14306.98;"Indecies";"INR"
"CL#-MAY21";1000.0;2;"USD";63.06;"Indecies";"USD"
"NGAS#-MAY21";10000.0;2;"USD";2.718;"Indecies";"USD"
"KraftHeinz";100.0;2;"USD";35.52;"Shares";"USD"
"DOTUSD";1.0;3;"USD";27.321;"Cryptos";"Cryptos"
"RBOB-MAY21";42000.0;2;"USD";1.9918;"Indecies";"USD"
"BRNT-JUN21";1000.0;2;"USD";66.0;"Indecies";"USD"
"PALLADJUN21";100.0;2;"USD";2633.75;"Indecies";"USD"
"PLAT-APR21";100.0;2;"USD";1227.9;"Indecies";"USD"
"COPP-APR21";10000.0;2;"USD";4.3375;"Indecies";"USD"
"HOIL-MAY21";42000.0;2;"USD";1.8708;"Indecies";"USD"
"GC-APR21";100.0;2;"USD";1775.82;"Indecies";"USD"
"PALLD#JUN21";100.0;2;"USD";2610.75;"Indecies";"USD"
"CAC-MAY21";10.0;2;"EUR";6410.0;"Indecies";"EUR"
"IBEX-MAY21";100.0;2;"EUR";9158.95;"Indecies";"EUR"
"CAC#-MAY21";10.0;2;"EUR";6409.5;"Indecies";"EUR"
"IBEX#-MAY21";100.0;2;"EUR";9157.25;"Indecies";"EUR"
"ROLLS-ROYCE";100.0;2;"GBX";112.28;"Shares";"GBX"
"3*ShortNasdaq";100.0;2;"USD";7.07;"ETF";"ETF"
"3*LongNasdaq";100.0;2;"USD";151.83;"ETF";"ETF"
"CL-JUN21";1000.0;2;"USD";65.5;"Indecies";"USD"
"CL#-JUN21";1000.0;2;"USD";65.49;"Indecies";"USD"
"NGAS-JUN21";10000.0;2;"USD";2.9;"Indecies";"USD"
"RBOB-JUN21";42000.0;2;"USD";2.0733;"Indecies";"USD"
"BRNT-JUL21";1000.0;2;"USD";66.67;"Indecies";"USD"
"SUG11-JUL21";1000.0;2;"USD";16.86;"Indecies";"USD"
"PLAT-MAY21";100.0;2;"USD";1166.21;"Indecies";"USD"
"COPP-MAY21";10000.0;2;"USD";4.521;"Indecies";"USD"
"NIFTY-MAY21";1000.0;2;"INR";15219.15;"Indecies";"INR"
"HOIL-JUN21";42000.0;2;"USD";1.9931999999999999;"Indecies";"USD"
"GC-MAY21";100.0;2;"USD";1881.6;"Indecies";"USD"
"NGAS#-JUN21";10000.0;2;"USD";2.898;"Indecies";"USD"
"NIFTY#MAY21";1000.0;2;"INR";15196.95;"Indecies";"INR"
"UNIPER";100.0;2;"EUR";35.033;"Shares";"EUR"
"COINBASE";100.0;2;"USD";266.57;"Shares";"USD"
"COTT2-JUL21";100.0;2;"USD";84.72;"Indecies";"USD"
"COCOA-JUL21";100.0;2;"USD";2043.25;"Indecies";"USD"
"CORN-JUL21";100.0;2;"USD";624.11;"Indecies";"USD"
"SBEAN-JUL21";100.0;2;"USD";1404.2;"Indecies";"USD"
"WHEATJUL21";100.0;2;"USD";607.78;"Indecies";"USD"
"CAC-JUN21";10.0;2;"EUR";6619.99;"Indecies";"EUR"
"CL-JUL21";1000.0;2;"USD";71.45;"Indecies";"USD"
"COFFE-JUL21";100.0;2;"USD";158.88;"Indecies";"USD"
"IBEX-JUN21";100.0;2;"EUR";9217.95;"Indecies";"EUR"
"CAC#-JUN21";10.0;2;"EUR";6409.5;"Indecies";"EUR"
"CL#-JUL21";1000.0;2;"USD";65.49;"Indecies";"USD"
"IBEX#-JUN21";100.0;2;"EUR";9157.25;"Indecies";"EUR"
"BRNT-AUG21";1000.0;2;"USD";76.13;"Indecies";"USD"
"RBOB-JUL21";42000.0;2;"USD";2.2604;"Indecies";"USD"
"NGAS-JUL21";10000.0;2;"USD";3.234;"Indecies";"USD"
"PLAT-JUN21";100.0;2;"USD";1106.49;"Indecies";"USD"
"COPP-JUN21";10000.0;2;"USD";4.1476;"Indecies";"USD"
"NIFTY-JUN21";1000.0;2;"INR";15722.9;"Indecies";"INR"
"GC-JUN21";100.0;2;"USD";1780.35;"Indecies";"USD"
"HOIL-JUL21";42000.0;2;"USD";2.1464;"Indecies";"USD"
"NGAS#-JUL21";10000.0;2;"USD";3.232;"Indecies";"USD"
"NIFTY#JUN21";1000.0;2;"INR";15701.18;"Indecies";"INR"
"3*LongRussell";100.0;2;"USD";91.78;"ETF";"ETF"
"3*ShortRussell";100.0;2;"USD";28.55;"ETF";"ETF"
"NK-SEP21";10.0;2;"USD";29605.0;"Indecies";"USD"
"NK#-SEP21";10.0;2;"USD";29614.5;"Indecies";"USD"
"CAC-JUL21";10.0;2;"EUR";6530.97;"Indecies";"EUR"
"NSDQ-SEP21";100.0;2;"USD";15661.75;"Indecies";"Indecies"
"DOW-SEP21";10.0;2;"USD";35073.96;"Indecies";"Indecies"
"SP-SEP21";100.0;2;"USD";4517.12;"Indecies";"Indecies"
"DAX-SEP21";10.0;2;"EUR";15736.0;"Indecies";"Indecies"
"FTSE-SEP21";10.0;2;"GBP";7111.0;"Indecies";"Indecies"
"MIB-SEP21";100.0;2;"EUR";26027.5;"Indecies";"Indecies"
"DJEXX-SEP21";10.0;2;"EUR";4200.72;"Indecies";"Indecies"
"ASX-SEP21";100.0;2;"AUD";7502.75;"Indecies";"Indecies"
"JSE-SEP21";100.0;2;"ZAR";59760.5;"Indecies";"Indecies"
"$IND-SEP21";100.0;2;"USD";92.684;"Indecies";"Indecies"
"IBEX-JUL21";100.0;2;"EUR";8790.0;"Indecies";"EUR"
"RUSS-SEP21";100.0;2;"USD";2274.13;"Indecies";"Indecies"
"CAC#-JUL21";10.0;2;"EUR";6531.23;"Indecies";"EUR"
"NSDQ#-SEP21";100.0;2;"USD";15662.25;"Forex";"Fixed"
"DOW#-SEP21";10.0;2;"USD";35071.95;"Forex";"Fixed"
"SP#-SEP21";100.0;2;"USD";4516.37;"Forex";"Fixed"
"DAX#-SEP21";10.0;2;"EUR";15733.5;"Forex";"Fixed"
"FTSE#-SEP21";10.0;2;"GBP";7110.75;"Forex";"Fixed"
"MIB#-SEP21";100.0;2;"EUR";26007.5;"Forex";"Fixed"
"DJEX#-SEP21";10.0;2;"EUR";4200.25;"Forex";"Fixed"
"ASX#-SEP21";100.0;2;"AUD";7503.5;"Forex";"Fixed"
"JSE#-SEP21";100.0;2;"ZAR";59771.75;"Forex";"Fixed"
"$IND#-SEP21";100.0;2;"USD";92.687;"Forex";"Fixed"
"IBEX#-JUL21";100.0;2;"EUR";8789.25;"Indecies";"EUR"
"WORTHINGTON";100.0;2;"USD";55.23;"Shares";"USD"
"VULCAN";100.0;2;"USD";177.01;"Shares";"USD"
"FORD";100.0;2;"USD";12.95;"Shares";"USD"
"BELDEN";100.0;2;"USD";57.82;"Shares";"USD"
"CALIX";100.0;2;"USD";45.28;"Shares";"USD"
"AMERICOLD";100.0;2;"USD";37.13;"Shares";"USD"
"DUKE";100.0;2;"USD";52.97;"Shares";"USD"
"NIFTY-JUL21";1000.0;2;"INR";15844.45;"Indecies";"INR"
"CL-AUG21";1000.0;2;"USD";71.43;"Indecies";"USD"
"NGAS-AUG21";10000.0;2;"USD";4.045;"Indecies";"USD"
"NIFTY#JUL21";1000.0;2;"INR";15821.02;"Indecies";"INR"
"CL#-AUG21";1000.0;2;"USD";71.41;"Indecies";"USD"
"NGAS#-AUG21";10000.0;2;"USD";4.043;"Indecies";"USD"
"MARTINM";100.0;2;"USD";369.85;"Shares";"USD"
"USSTEEL";100.0;2;"USD";26.47;"Shares";"USD"
"SDYNAMICS";100.0;2;"USD";66.44;"Shares";"USD"
"NUCOR";100.0;2;"USD";114.76;"Shares";"USD"
"CBELL";100.0;2;"USD";15.49;"Shares";"USD"
"CYRUSONE";100.0;2;"USD";79.39;"Shares";"USD"
"LIFESTORAGE";100.0;2;"USD";127.8;"Shares";"USD"
"REALTY";100.0;2;"USD";71.2;"Shares";"USD"
"MONDAY";2.0;2;"USD";380.25;"Shares";"USD"
"RBOB-AUG21";42000.0;2;"USD";2.2934;"Indecies";"USD"
"BRNT-SEP21";1000.0;2;"USD";74.21;"Indecies";"USD"
"SUG11-OCT21";1000.0;2;"USD";19.64;"Commodities";"Commodities"
"PALLADSEP21";100.0;2;"USD";2354.75;"Commodities";"Commodities"
"PLAT-JUL21";100.0;2;"USD";1056.21;"Indecies";"USD"
"COPP-JUL21";10000.0;2;"USD";4.4609;"Indecies";"USD"
"HOIL-AUG21";42000.0;2;"USD";2.1366;"Indecies";"USD"
"GC-JUL21";100.0;2;"USD";1801.3;"Indecies";"USD"
"PALLD#SEP21";100.0;2;"USD";2334.75;"Forex";"Fixed"
"COTT2-OCT21";100.0;2;"USD";95.76;"Commodities";"Commodities"
"BRIGHTHG";100.0;2;"USD";10.11;"Shares";"USD"
"CONFLUENT";100.0;2;"USD";61.29;"Shares";"USD"
"Marqetta";100.0;2;"USD";26.5;"Shares";"USD"
"Crosair";5.0;2;"USD";29.02;"Shares";"USD"
"Riot";5.0;2;"USD";32.1;"Shares";"USD"
"Canann";5.0;2;"USD";9.57;"Shares";"USD"
"Blackberry";100.0;2;"USD";10.82;"Shares";"USD"
"KossCorp";2.0;2;"USD";19.17;"Shares";"USD"
"Clover";100.0;2;"USD";10.79;"Shares";"USD"
"ContextLogic";100.0;2;"USD";7.38;"Shares";"USD"
"GEOGroup";5.0;2;"USD";6.83;"Shares";"USD"
"Biogen";100.0;2;"USD";327.08;"Shares";"USD"
"SENS";100.0;2;"USD";3.87;"Shares";"USD"
"JDCom";100.0;2;"USD";83.22;"Shares";"USD"
"COCOA-SEP21";100.0;2;"USD";2694.3;"Commodities";"Commodities"
"UPSTART";100.0;2;"USD";262.6;"Shares";"USD"
"CELSIUS";100.0;2;"USD";85.76;"Shares";"USD"
"SECONDSIGHT";10.0;2;"USD";3.66;"Shares";"USD"
"VANECK";10.0;2;"USD";26.54;"Shares";"USD"
"HYLIION";100.0;2;"USD";9.25;"Shares";"USD"
"CANOO";100.0;2;"USD";7.8;"Shares";"USD"
"CLEANENERGY";100.0;2;"USD";7.95;"Shares";"USD"
"ENPHASE";100.0;2;"USD";168.72;"Shares";"USD"
"GOLDFIELDS";100.0;2;"USD";8.92;"Shares";"USD"
"TRIPADVISOR";100.0;2;"USD";34.7;"Shares";"USD"
"FEDEX";100.0;2;"USD";263.6;"Shares";"USD"
"UNITEDPARCEL";100.0;2;"USD";195.51;"Shares";"USD"
"PLAYTIKA";100.0;2;"USD";28.4;"Shares";"USD"
"SEA";100.0;2;"USD";350.86;"Shares";"USD"
"ACTIVISION";100.0;2;"USD";78.16;"Shares";"USD"
"Fastly";100.0;2;"USD";46.32;"Shares";"USD"
"DraftKings";100.0;2;"USD";63.57;"Shares";"USD"
"WellFargo";100.0;2;"USD";0.0;"Shares";"USD"
"MICRONT";100.0;2;"USD";73.63;"Shares";"USD"
"ROBOLOX";100.0;2;"USD";84.94;"Shares";"USD"
"BILIBILI";100.0;2;"USD";91.04;"Shares";"USD"
"ElectArts";100.0;2;"USD";145.21;"Shares";"USD"
"ZYNGA";100.0;2;"USD";8.64;"Shares";"USD"
"SKILLZ";100.0;2;"USD";12.58;"Shares";"USD"
"SolarEdge";100.0;2;"USD";278.66;"Shares";"USD"
"SUNRUN";100.0;2;"USD";45.5;"Shares";"USD"
"FIRSTSOLAR";100.0;2;"USD";94.47;"Shares";"USD"
"SHOALSTECH";100.0;2;"USD";32.5;"Shares";"USD"
"SUNPOWER";100.0;2;"USD";21.96;"Shares";"USD"
"SUNNOVA";100.0;2;"USD";35.67;"Shares";"USD"
"CSOLAR";100.0;2;"USD";37.34;"Shares";"USD"
"ARRAY";100.0;2;"USD";19.73;"Shares";"USD"
"GBPZAR";100000.0;2;"ZAR";19.7018;"Forex";"Exotic"
"NANUSD";10.0;4;"USD";5.5649;"Cryptos";"Cryptos"
"CORN-SEP21";100.0;2;"USD";498.13;"Commodities";"Commodities"
"SBEAN-AUG21";100.0;2;"USD";1420.34;"Indecies";"USD"
"WHEATSEP21";100.0;2;"USD";708.9;"Commodities";"Commodities"
"CAC-AUG21";10.0;2;"EUR";6898.47;"Indecies";"EUR"
"IBEX-AUG21";100.0;2;"EUR";8993.0;"Indecies";"EUR"
"CAC#-AUG21";10.0;2;"EUR";6897.73;"Indecies";"EUR"
"IBEX#-AUG21";100.0;2;"EUR";8991.75;"Indecies";"EUR"
"FootLocker";100.0;2;"USD";53.47;"Shares";"USD"
"BestBuy";100.0;2;"USD";111.48;"Shares";"USD"
"AMD";100.0;2;"USD";109.04;"Shares";"USD"
"Kellogg";100.0;2;"USD";61.73;"Shares";"USD"
"BedBath";100.0;2;"USD";25.17;"Shares";"USD"
"CL-SEP21";1000.0;2;"USD";68.02;"Indecies";"USD"
"COFFE-SEP21";100.0;2;"USD";191.99;"Commodities";"Commodities"
"CL#-SEP21";1000.0;2;"USD";68.0;"Indecies";"USD"
"RICE-SEP21";100.0;2;"USD";13.03;"Commodities";"Commodities"
"EURZAR";100000.0;2;"ZAR";16.9122;"Forex";"Exotic"
"GBPDKK";100000.0;2;"DKK";8.66198;"Forex";"Exotic"
"GBPNOK";100000.0;2;"NOK";11.97411;"Forex";"Exotic"
"GBPSEK";100000.0;2;"SEK";11.856;"Forex";"Exotic"
"Xilinx";100.0;2;"USD";154.68;"Shares";"USD"
"Ocugen";100.0;2;"USD";7.3;"Shares";"USD"
"Booking";100.0;2;"USD";2337.89;"Shares";"USD"
"Expedia";100.0;2;"USD";147.49;"Shares";"USD"
"DuPont";100.0;2;"USD";71.41;"Shares";"USD"
"Oracle";100.0;2;"USD";88.72;"Shares";"USD"
"Jfrog";100.0;2;"USD";38.85;"Shares";"USD"
"RoyalBC";100.0;2;"USD";102.68;"Shares";"USD"
"DiDiGlobal";100.0;2;"USD";9.68;"Shares";"USD"
"BRNT-OCT21";1000.0;2;"USD";72.56;"Indecies";"USD"
"NGAS-SEP21";10000.0;2;"USD";3.838;"Indecies";"USD"
"RBOB-SEP21";42000.0;2;"USD";2.2856;"Indecies";"USD"
"PLAT-AUG21";100.0;2;"USD";988.49;"Indecies";"USD"
"COPP-AUG21";10000.0;2;"USD";4.1411999999999995;"Indecies";"USD"
"NIFTY-AUG21";1000.0;2;"INR";16416.55;"Indecies";"INR"
"GC-AUG21";100.0;2;"USD";1779.3;"Indecies";"USD"
"HOIL-SEP21";42000.0;2;"USD";2.1065;"Indecies";"USD"
"NGAS#-SEP21";10000.0;2;"USD";3.836;"Indecies";"USD"
"NIFTY#AUG21";1000.0;2;"INR";16393.9;"Indecies";"INR"
"ViacomCBS";100.0;2;"USD";41.62;"Shares";"USD"
"IronSource";100.0;2;"USD";10.2;"Shares";"USD"
"Chemours";100.0;2;"USD";32.79;"Shares";"USD"
"Cliffs";100.0;2;"USD";23.93;"Shares";"USD"
"SoFiTech";100.0;2;"USD";15.83;"Shares";"USD"
"PubMatic";100.0;2;"USD";29.32;"Shares";"USD"
"Root";100.0;2;"USD";5.91;"Shares";"USD"
"Intellia";100.0;2;"USD";163.26;"Shares";"USD"
"C3AI";100.0;2;"USD";51.43;"Shares";"USD"
"Riley";100.0;2;"USD";66.15;"Shares";"USD"
"PrincipalFG";100.0;2;"USD";65.31;"Shares";"USD"
"Veon";100.0;2;"USD";2.11;"Shares";"USD"
"Alector";100.0;2;"USD";26.72;"Shares";"USD"
"ROBINHOOD";100.0;2;"USD";41.73;"Shares";"USD"
"ANALOG";100.0;2;"USD";163.26;"Shares";"USD"
"BROADCOM";100.0;2;"USD";496.58;"Shares";"USD"
"BRUNSWICK";100.0;2;"USD";95.83;"Shares";"USD"
"CAMPING";100.0;2;"USD";39.71;"Shares";"USD"
"CARVANA";100.0;2;"USD";329.85;"Shares";"USD"
"CapitalOne";100.0;2;"USD";156.91;"Shares";"USD"
"Conoco";100.0;2;"USD";55.97;"Shares";"USD"
"EMERSON";100.0;2;"USD";103.68;"Shares";"USD"
"EOGResources";100.0;2;"USD";67.67;"Shares";"USD"
"ETSY";100.0;2;"USD";216.44;"Shares";"USD"
"FREEPORT";100.0;2;"USD";36.35;"Shares";"USD"
"MARRIOT";100.0;2;"USD";134.03;"Shares";"USD"
"MicroVision";100.0;2;"USD";14.25;"Shares";"USD"
"QORVO";100.0;2;"USD";182.69;"Shares";"USD"
"Roku";100.0;2;"USD";342.94;"Shares";"USD"
"SEMICON";100.0;2;"USD";580.0;"Shares";"USD"
"SIMONProp";100.0;2;"USD";134.57;"Shares";"USD"
"SMEnergy";100.0;2;"USD";19.55;"Shares";"USD"
"TInstrument";100.0;2;"USD";189.42;"Shares";"USD"
"Walgreens";100.0;2;"USD";51.0;"Shares";"USD"
"SBEAN-SEP21";100.0;2;"USD";1274.82;"Commodities";"Commodities"
"LucidGroup";10.0;2;"USD";19.63;"Shares";"USD"
"APACorp";100.0;2;"USD";19.5;"Shares";"USD"
"Antero";100.0;2;"USD";15.91;"Shares";"USD"
"Callon";100.0;2;"USD";33.52;"Shares";"USD"
"Centennial";100.0;2;"USD";5.23;"Shares";"USD"
"HCAHealth";100.0;2;"USD";252.12;"Shares";"USD"
"HHoldings";100.0;2;"USD";131.41;"Shares";"USD"
"LOilfield";100.0;2;"USD";10.49;"Shares";"USD"
"Marathon";100.0;2;"USD";39.36;"Shares";"USD"
"Marvell";100.0;2;"USD";61.22;"Shares";"USD"
"Matador";100.0;2;"USD";28.28;"Shares";"USD"
"Overstock";100.0;2;"USD";70.3;"Shares";"USD"
"RHardware";100.0;2;"USD";664.14;"Shares";"USD"
"SPartners";100.0;2;"USD";50.29;"Shares";"USD"
"STPT";100.0;2;"USD";6.7;"Shares";"USD"
"CL-OCT21";1000.0;2;"USD";69.2;"Energy";"Energy"
"CAC-SEP21";10.0;2;"EUR";6698.5;"Indecies";"Indecies"
"IBEX-SEP21";100.0;2;"EUR";8862.0;"Indecies";"Indecies"
"CL#-OCT21";1000.0;2;"USD";69.19;"Forex";"Fixed"
"CAC#-SEP21";10.0;2;"EUR";6697.5;"Forex";"Fixed"
"IBEX#-SEP21";100.0;2;"EUR";8860.75;"Forex";"Fixed"
"NIFTY-SEP21";1000.0;2;"INR";17383.5;"Indecies";"Indecies"
"GC-SEP21";100.0;2;"USD";1796.9;"Commodities";"Commodities"
"NGAS-OCT21";10000.0;2;"USD";4.643;"Energy";"Energy"
"PLAT-SEP21";100.0;2;"USD";997.9;"Commodities";"Commodities"
"COPP-SEP21";10000.0;2;"USD";4.225;"Commodities";"Commodities"
"NIFTY#SEP21";1000.0;2;"INR";17360.33;"Forex";"Fixed"
"NGAS#-OCT21";10000.0;2;"USD";4.641;"Forex";"Fixed"
"PSGUSD";1.0;3;"USD";28.202;"Cryptos";"Cryptos"
"RBOB-OCT21";42000.0;2;"USD";2.1528;"Energy";"Energy"
"BRNT-NOV21";1000.0;2;"USD";72.45;"Energy";"Energy"
"HOIL-OCT21";42000.0;2;"USD";2.1382;"Energy";"Energy"
"BRNT#-NOV21";1000.0;2;"USD";72.43;"Forex";"Fixed"
"NK-DEC21";10.0;2;"USD";30039.75;"Indecies";"Indecies"
"NK#-DEC21";10.0;2;"USD";30047.0;"Forex";"Fixed"
"NSDQ-DEC21";100.0;2;"USD";15652.25;"Indecies";"Indecies"
"DOW-DEC21";10.0;2;"USD";34959.0;"Indecies";"Indecies"
"SP-DEC21";100.0;2;"USD";4507.62;"Indecies";"Indecies"
"CAC-OCT21";10.0;2;"EUR";6683.5;"Indecies";"Indecies"
"DAX-DEC21";10.0;2;"EUR";15710.0;"Indecies";"Indecies"
"FTSE-DEC21";10.0;2;"GBP";7078.25;"Indecies";"Indecies"
"MIB-DEC21";100.0;2;"EUR";25642.5;"Indecies";"Indecies"
"IBEX-OCT21";100.0;2;"EUR";8849.0;"Indecies";"Indecies"
"DJEXX-DEC21";10.0;2;"EUR";4171.22;"Indecies";"Indecies"
"ASX-DEC21";100.0;2;"AUD";7471.75;"Indecies";"Indecies"
"COCOA-DEC21";100.0;2;"USD";2702.75;"Commodities";"Commodities"
"CORN-DEC21";100.0;2;"USD";513.13;"Commodities";"Commodities"
"SBEAN-NOV21";100.0;2;"USD";1283.2;"Commodities";"Commodities"
"WHEATDEC21";100.0;2;"USD";719.78;"Commodities";"Commodities"
"JSE-DEC21";100.0;2;"ZAR";59981.0;"Indecies";"Indecies"
"$IND-DEC21";100.0;2;"USD";92.674;"Indecies";"Indecies"
"RUSS-DEC21";100.0;2;"USD";2270.0;"Indecies";"Indecies"
"RICE-NOV21";100.0;2;"USD";13.32;"Commodities";"Commodities"
"NSDQ#-DEC21";100.0;2;"USD";15652.75;"Forex";"Fixed"
"DOW#-DEC21";10.0;2;"USD";34957.5;"Forex";"Fixed"
"SP#-DEC21";100.0;2;"USD";4506.87;"Forex";"Fixed"
"CAC#-OCT21";10.0;2;"EUR";6682.75;"Forex";"Fixed"
"DAX#-DEC21";10.0;2;"EUR";15708.5;"Forex";"Fixed"
"FTSE#-DEC21";10.0;2;"GBP";7078.0;"Forex";"Fixed"
"MIB#-DEC21";100.0;2;"EUR";25625.0;"Forex";"Fixed"
"IBEX#-OCT21";100.0;2;"EUR";8848.75;"Forex";"Fixed"
"DJEX#-DEC21";10.0;2;"EUR";4170.75;"Forex";"Fixed"
"ASX#-DEC21";100.0;2;"AUD";7473.5;"Forex";"Fixed"
"JSE#-DEC21";100.0;2;"ZAR";59992.25;"Forex";"Fixed"
"$IND#-DEC21";100.0;2;"USD";92.676;"Forex";"Fixed"
"LUMBER-NOV21";100.0;2;"USD";610.6;"Commodities";"Commodities"
"OATS-DEC21";100.0;2;"USD";502.26;"Commodities";"Commodities"
"ORANG-NOV21";100.0;2;"USD";141.75;"Commodities";"Commodities"
